ProbeID,M,R1,R2,R3,R4,R5,Common Name
1426934_at,0.09,0.19,0.06,0.01,0.84,0.76,A730096F01
1426442_at,0.01,0.04,0.46,0.57,0.64,0.46,Gpm6a
1449956_at,0.84,0.13,0.17,0.73,0.42,0.48,Prkce
1419641_at,0.59,0.73,0.73,0.21,0.34,0.03,Purb
1435106_at,0.07,0.79,0.37,1,0.41,0.47,NA
1417494_a_at,0.05,0.02,0.03,0.01,0.12,0.09,Cp
1419686_at,0.53,0.48,0.74,0.02,0.89,0.03,Tsga14
1433479_at,0.64,0.32,0.99,0.73,0.04,0.3,5730410I19Rik
1419137_at,0.5,0.36,0.51,0.16,0.23,0.01,Shank3
1416761_at,0,0.36,0.73,0.55,0.28,0.65,Hsd11b2
1427927_at,0.72,0.52,0.08,0.58,0.02,0.81,AW049829
1416593_at,0,0.39,0.3,0.81,0.23,0.13,Glrx1
1421835_at,0.67,0.19,0.35,0.01,0.56,0,Mtap7
1450180_a_at,0.19,0.28,0.45,0.73,0,0.03,Rara
1425270_at,0.74,0.27,0.24,0.37,0.05,0.04,Kif1b
1449013_at,0.11,0.08,0.38,0.53,0.63,0.31,Eef2k
1424350_s_at,0.01,0.56,0.84,0.87,0.67,0.31,LOC226856
1416449_x_at,0.27,0.35,0.45,0.02,0.63,0.76,Stxbp2
1424148_a_at,0.5,0.23,0.86,0.84,0.05,0.86,AW049765
1422616_s_at,0.49,0.52,0.06,0.23,0.18,0.9,1700030E05Rik
1416123_at,0.07,0.05,0.18,0.14,0.12,0.16,Ccnd2
1426245_s_at,0.01,0.73,0.69,0.2,0.66,0.39,Mapre2
1449782_at,0.5,0.88,0.89,0.33,0.25,0.55,AA517650
1423516_a_at,0.07,0.71,0.4,0.15,0.43,0.87,Nid2
1452510_at,0.18,0.26,0.96,0.01,0.92,0.77,Pax7
1424007_at,0.08,0.13,0.05,0.02,0.18,0.02,Gdf10
1448737_at,0.01,0.05,0.75,0.52,0.71,0.57,Tm4sf2
1460181_at,4.52E-004,0.94,0.14,0.49,0.07,0.29,Stmn3
1450723_at,0.04,0.18,9.08E-004,0.66,0.33,0.13,Isl1
1438537_at,0.05,0.84,0.99,0.84,0.27,0.7,Got2
1448949_at,0.01,0.15,0.13,0.12,0.15,0.9,Car4
1454022_at,0.99,0.3,0.02,0.64,0.18,0.05,Ephb2; Drt; Erk; Nuk; Cek5; Hek5; Qek5; Sek3; ETECK; Prkm5; Tyro5
1433924_at,0.02,0.1,0.43,0.33,0.55,0.14,Peg3
1415923_at,0,0.36,0.07,0.55,0.13,0.95,Ndn
1417110_at,0.53,0.93,0.48,0.11,0.02,0.63,Man1a
1424029_at,0.63,0.49,0.73,0.27,0.03,0.33,2610102M01Rik
1428922_at,0.03,0.39,0.61,0.2,0.99,0.84,1200009O22Rik
1449953_at,0.6,0.85,0.31,0.46,0.56,0.94,4930471O16Rik
1424221_at,0.06,0.14,0.12,0.22,0.9,0.11,E430021N18Rik
1448734_at,0.14,0.08,0.43,0.24,0.26,0.7,Cp
1427566_at,0,0.08,0.72,0.08,0.13,0.17,NA
1421399_at,0.22,0.79,0.01,0.23,0.16,0.98,Insm1
1434881_s_at,0.98,0.24,0.78,0.05,0.06,0,6430514H16
1438386_x_at,0.33,0.69,0.88,0.02,0.57,0.11,Mat2a
1439461_x_at,0.84,0.21,0.31,0.32,0.14,0.18,2410003A14Rik
1417428_at,2.08E-004,0.02,0.08,0.37,0.15,0.09,Gng3
1448152_at,0.04,0.08,0.48,0.01,0.13,0.42,Igf2
1425828_at,0.28,0.13,0.01,0.26,0.01,0.01,Nkx6-1
1456212_x_at,0.05,0,0.31,0.32,0.37,0.72,Socs3
1415978_at,0.01,0.1,0.05,0.9,0.01,0.09,Tubb3
1427974_s_at,0.77,0.52,0.83,0.73,0.2,0.33,D630034H06Rik
1460203_at,0.41,0.95,0.55,0.02,0.65,0.74,Itpr1
1450377_at,0.08,0.25,0.05,0.03,0.07,0.02,Thbs1
1424032_at,0.01,0.03,0.41,0.47,0.36,0.33,0610039P13Rik
1425067_at,0.95,0.3,0.03,0.22,0.15,0.32,Celsr3
1449450_at,0.37,1.05E-004,0.3,0.64,0.07,0.95,Ptges
1418086_at,0.75,0.31,0.22,0.16,0,0.48,Ppp1r14a
1421271_at,0.77,0.26,0.51,0.52,0.32,0.02,2200003J05Rik
1423134_at,0.1,0.01,0.41,0.54,0.93,0.33,BC003324
1426940_at,0.63,0.31,0.11,0.52,0.03,0.96,LOC214597
1418560_at,2.22E-004,0.98,0.52,0.62,0.27,0.62,Pdha1
1450227_at,0.41,0.96,0.97,0.5,0.04,0.04,Ankrd6
1426208_x_at,0.62,0.69,0.02,0.09,0.49,0.4,Plagl1
1418496_at,0.02,0.03,0.29,0.1,0.87,0.31,Foxa1
1419333_at,0.44,0.59,0.28,0.72,0.01,0.22,1110008J03Rik
1423287_at,0.34,0.16,0.03,0.84,0.19,0.07,Cbln1
1451209_at,0.85,0.2,0.89,0.11,0.54,0.05,2310081H14Rik
1434177_at,0.99,0.57,0.13,0.92,0.39,0.11,NA
1423566_a_at,0.92,0.9,0.32,0.22,0.96,0.04,Hsp105
1416001_a_at,0.01,0.03,0.28,0.51,0.59,0.39,Cotl1
1424150_at,0.37,0.08,0.09,0.1,0.68,0.02,NA
1437540_at,0.07,0.01,0.53,0.77,0.29,0.81,Mcoln3
1417777_at,0.26,0.38,0.98,0.07,0.28,0.03,Ltb4dh
1434714_at,0.02,0.76,0.34,0.77,0.69,0.9,1300013B24Rik
1419033_at,0.39,0.89,0.02,0.15,0.23,0,NA
1450650_at,0.02,0.23,0.15,0.23,0.24,0.48,Myo10
1435626_a_at,0.83,0.02,0.91,0.63,0.27,0.03,Herpud1
1417419_at,0.01,0.1,0.52,0.42,0.64,0.97,Ccnd1
1420389_at,0.27,0.21,0.62,0.01,0.85,0.38,Pax3
1437782_at,0,0.68,0.94,0.4,0.38,0.24,Cntnap2
1421175_at,0.17,0.96,0.29,0.52,0.77,0.56,Myt1l
1426615_s_at,0.01,0.06,0.25,0.49,0.43,0.31,Ndr4
1424745_at,0.17,0.95,0.84,0.24,0.31,0.98,2900006B13Rik
1422625_at,0.03,0.02,0.02,0.6,0.24,0.67,Ly6h
1416927_at,0.83,0.92,0.79,0.42,0.08,0.3,Stinp
1449939_s_at,0.01,0.01,0.78,0.1,0.71,0.08,Dlk1
1451446_at,0,0.01,0.37,0.61,0.45,0.33,2310008J16Rik
1423756_s_at,0.66,0.93,0.53,0.46,0.01,0.74,Igfbp4
1434449_at,0.21,0.41,0.73,0.4,0.78,0.45,Aqp4
1422592_at,0.14,0.27,0.03,0.82,0.02,0.04,Catnd2
1420508_at,0.04,0.03,0.09,0.1,0.12,0.01,Sema3f
1424767_at,0.01,0.15,0.6,0.33,0.33,0.37,Cdh22
1423613_at,0.55,0.7,0.69,0.02,0.57,0.32,Ssfa2
1455235_x_at,0.01,0,0.19,0.22,0.54,0.6,Ldh2
1449822_at,0.04,0.38,0.03,0.02,0.47,0.15,Atoh1
1438138_a_at,0.19,0.26,0.12,0.1,0.43,0.99,Pex6
1438244_at,0.03,0.14,0.43,0.53,0.22,0.56,Nfib
1419072_at,0.02,0.52,0.65,0.69,0.12,0.39,NA
1435105_at,0.16,0.03,0.32,0.27,0.31,0.43,1110061N23Rik
1451011_at,0.31,0.02,0.46,0.35,0.31,0.71,Zfp358
1416232_at,0.18,0.18,0.36,0.41,0.3,1.59E-004,Olig2
1431429_a_at,0,0.06,0.44,0.47,0.92,0.26,Arl4
1423422_at,0,0.56,0.38,0.31,0.93,0.14,Asb4
1453317_a_at,0.07,0.9,0.56,0.96,0.02,0.11,Khdrbs3; Etle; Slm2; SLM-2; T-STAR; T-star
1460549_a_at,0.2,0.17,0.3,0.24,0.54,0.04,Kif20a
1436031_at,2.49E-004,0.74,0.72,0.63,0.26,0.32,1190007F10Rik
1427475_a_at,0.38,0.39,0.25,0.28,0.62,0.02,Nrap
1419118_at,0.04,0.47,0.13,0.59,0.25,0.52,AB030198
1424077_at,0.24,0.97,0.65,0.55,0.04,0.67,2610020H15Rik
1452129_at,0.78,0,0.68,0.47,0.33,0.57,Pthr2
1427233_at,0.77,0.35,0.14,0.09,0.03,8.28E-005,Sdccag33
1419639_at,0.03,0.01,0.5,0.17,0.11,0.37,Efnb2
1418589_a_at,0.51,0.03,0.06,0.43,0.66,0.35,Mlf1
1426225_at,4.50E-004,0.26,0.8,0.87,0.57,0.2,Rbp4
1436761_s_at,0.1,0.51,0.5,0.68,0.43,0.34,4921522K17Rik
1421950_at,0.06,0.04,0.67,0.74,0.15,0.4,Pfdn2
1430700_a_at,0.19,0.2,0.12,0.06,0.62,0,Pla2g7
1420390_s_at,0.3,0.41,0.75,0.43,0.14,0.4,Zfp354a
1451782_a_at,0.01,0.07,0.96,0.79,0.99,0.73,Slc29a1
1452106_at,0.01,0.11,0.55,0.99,0.66,0.87,NA
1455202_at,0.44,0.52,0.92,0.56,0.06,0.4,MGC38336
1452864_at,0.1,0.31,0.1,0.01,0.66,0.23,6530405F15Rik
1427247_at,0.58,0.22,0.98,0.81,0.31,0.72,A330086D10
1455898_x_at,0.8,0.05,0,0.01,0.93,0.8,Slc2a3
1434195_at,0.1,0.68,0.36,0.36,0.9,0.26,6030424L22Rik
1451152_a_at,0.16,0.22,0.01,0.07,0.33,0.14,Atp1b1
1452517_at,0.05,0.7,0.62,0.25,0.21,0.48,D630024D12Rik
1415936_at,0.02,0.04,0.08,0.21,0.97,0.19,Bcar3
1421299_a_at,0.01,0.99,0.78,0.57,0.39,0.95,Lef1
1449563_at,0.01,0.09,0.99,0.46,0.26,0.26,Cntn1
1422409_at,0,0.36,0.63,0.3,0.18,0.47,Hes3
1417027_at,0.91,0.77,0.11,0.07,0.03,0.3,Trim2
1426869_at,0.16,0.02,0.07,0.04,0.89,0.1,Boc
1428089_at,0.01,0.04,0.29,0.2,0.67,0.24,3200001I04Rik
1430335_a_at,0.45,0.14,0.3,0.03,0.87,0.35,Pax3; Sp; Pax-3; splotch
1417678_at,0.69,0.99,0.54,0.83,0.36,0.04,Mmp24
1433919_at,6.56E-004,0.75,0.12,0.7,0.48,0.25,Asb4
1421996_at,0.94,0.17,0.22,0.74,0.01,0.26,Tcfap2a
1422465_a_at,0.02,0.04,0.79,0.64,0.35,0.24,Nxn
1435382_at,0.01,0.06,0.25,0.87,0.45,0.77,Ndn
1436370_at,0.93,0.55,0.52,0.89,0.14,0.77,Gucy2c
1423311_s_at,0,0.24,0.76,0.49,0.11,0.73,Tpbg
1418139_at,0.02,0.94,0.05,0.07,0.13,0.12,Dcx
1450165_at,0.52,0.87,0.19,1,0.09,0.32,Slfn2
1452278_a_at,0.76,0.34,0.34,0.81,0.18,0.57,BC025474
1428130_at,0.38,0.27,0.08,0.74,0.15,0.04,Lman1
1428392_at,0.29,0.02,0.49,0.27,0.53,0.91,9030412M04Rik
1419818_x_at,0.92,0.38,0.45,0.81,0.03,0.39,D1Ertd161e
1422596_at,0.81,0.88,0.02,0.07,0.4,0.17,C030019F02Rik
1418712_at,0,0.43,0.73,0.39,0.17,0.12,Cdc42ep5
1422277_at,0.15,0.28,0.21,0.53,0.01,0.64,Glra1
1419078_at,0.16,0.88,0.09,0.14,0.04,0.09,Nin
1423506_a_at,0.68,0.16,0.64,0.82,0.05,0,Nnat
1418507_s_at,8.99E-004,0.53,0.63,0.65,0.32,0,D130043N08Rik
1452114_s_at,0.53,0.04,0.4,0.61,0.95,0.01,Igfbp5
1417434_at,0.06,0.91,0.37,0.15,0.33,0.14,Gpd2
1425796_a_at,0.04,0.06,0.02,0.02,0.03,0.14,Fgfr3
1424866_at,0.62,0.68,0.92,0.35,0.06,0.97,C630032K07Rik
1428706_at,0.01,0.28,0.32,0.23,0.18,0.29,3110013H01Rik
1451277_at,0.79,0.92,0.88,0.68,0.13,0.02,C530046K17Rik
1451901_at,0.71,0.63,0.39,0.8,0.13,0.79,Smarca3
1448754_at,0.55,1.85E-004,0.12,0.11,0.86,0.56,Rbp1
1451888_a_at,0.01,0.2,0.13,0.62,0.11,0.01,Odz4
1416313_at,0.01,0.2,0.05,0.78,0.11,0.19,Af1q-pending
1423522_at,0.01,4.64E-004,0.46,0.19,0.76,0.57,Npm3
1423895_a_at,0.65,0.01,0.06,0.65,0.18,0.16,Cugbp2
1423499_at,0.18,0.54,0.03,0.83,0.23,0.48,Sncaip
1417400_at,0.68,0.71,0.37,0.33,0.02,0.04,1700020L11Rik
1424633_at,0,0.16,0.82,0.52,0.32,0.14,Camk1g
1417473_a_at,0.45,0.87,0.7,0.63,0.28,0.85,6330579B17Rik
1423063_at,0.02,0.03,0.62,0.64,0.69,0.91,Dnmt3a
1420377_at,0.24,0.81,0.18,0.32,0.01,0.71,Siat8b
1416658_at,0.64,0.09,0.12,0.01,0.35,0.72,Frzb
1435326_at,0.01,0.05,0.5,0.79,0.34,0.35,NA
1454904_at,0.57,0.55,0.19,0.36,0.22,0.02,NA
1448475_at,0.14,0.14,0.84,0.02,0.01,5.65E-004,2810002E22Rik
1425157_x_at,0.02,0.34,0.96,0.69,0.28,0.61,MGC30714
1422165_at,7.06E-004,0.01,0.12,0.5,0.18,0.22,Pou3f4
1421141_a_at,0.04,0.3,0.49,0.62,0.21,0.37,Foxp1
1417930_at,0.21,0.39,0.31,0.01,0.94,3.81E-004,Nab2
1417976_at,3.96E-004,0.03,0.56,0.83,0.4,0.96,Ada
1448673_at,0.54,0.32,0.66,0.1,0.59,0.01,Pvrl3
1448289_at,0.41,0.19,0.48,0.12,0.02,0.16,Crmp1
1429400_at,0.08,0.28,0.48,0.77,0.4,0.03,NA
1449681_at,0.89,0.2,0.01,0.66,0.38,0.31,Hdgf
1420498_a_at,0.1,0.54,0.04,0.2,0.11,0,Dab2
1421027_a_at,0.39,0.3,0.72,0.05,0,0,Mef2c
1426584_a_at,0.46,0.94,0.39,0.02,0.88,0.73,Sdh1
1449002_at,0.01,0.3,0.45,0.8,0.68,0.75,Phlda3
1425602_a_at,0.19,0.51,0.88,0.72,0.81,0.55,Fra-pending
1449154_at,0.51,0.82,0.54,0.76,0.73,0.07,Col11a1
1449240_at,0.65,0.15,0.02,0.98,0.02,0.31,Gsbs-pending
1418478_at,0.64,0.03,0.19,0.16,0.01,0.13,Lmo1
1416666_at,0,0.01,0.31,0.72,0.14,0.86,Serpine2
1430127_a_at,0.41,0.22,0.08,0.3,0.09,0.13,Ccnd2
1450779_at,0.22,0.17,0.02,0.01,0.15,0.34,Fabp7
1427689_a_at,0.22,0.14,0.23,0.35,0.01,0,Tnip1
1417625_s_at,0.19,0.09,0.24,0.18,0.07,3.22E-004,Cmkor1
1423537_at,0.03,0.37,0.1,0.16,0.58,0.05,Gap43
1450710_at,4.05E-004,0,0.08,0.63,0.7,0.47,Jmj
1452451_at,0.69,0.89,0.77,0.32,0.16,0.55,Bean-pending
1426599_a_at,8.28E-004,0.62,0.35,0.78,0.24,0.91,Slc2a1
1419089_at,0.07,0.17,0.1,0.76,0.01,0.02,Timp3
1451753_at,0.04,0.94,0.09,0.51,0.05,0.07,Plxna2
1435578_s_at,0,0,0.92,0.31,0.75,0.29,C630028C02Rik
1452368_at,0.01,0.05,0.69,0.13,0.18,0.85,5133400C09Rik
1431598_a_at,0.61,0.55,0.96,0.32,0.16,0.87,Lhx9
1421992_a_at,0.49,0.43,0.3,0.26,0.02,0.98,Igfbp4
1451674_at,0.3,0.31,0.19,0.48,0,0.01,Slc12a5
1453060_at,0.01,0.62,0.97,0.5,0.71,0.15,6530413N01Rik
1452454_at,0.11,0.78,0.18,0.49,0.79,0.06,4931421J16
1424246_a_at,0,0.07,0.88,0.77,0.48,0.54,Tes
1428816_a_at,0.43,0.84,0.54,0.96,6.69E-004,0.42,Gata2; Gata-2
1423594_a_at,0.06,0.48,0.71,0.04,0,0.06,Ednrb
1451718_at,0.31,0.03,0.01,0.32,0.34,0.09,Plp
1450967_at,0.01,0.01,0.9,0.92,0.64,0.89,4933428I03Rik
1421947_at,0.24,0.94,0.12,0.4,0.84,0,Gng12
1435924_at,0.43,0.74,0.54,0.37,0.94,0.1,Tfb1m
1428667_at,0.46,0.3,0.67,0.09,0.03,0.3,Maoa
1417872_at,0.18,0.45,0.01,0.02,0.08,0.13,Fhl1
1417051_at,0.01,0.02,0.17,0.12,0.76,0.75,Pcdh8
1426955_at,0.65,0.5,0.9,0.78,0.57,0.02,Col18a1
1426529_a_at,0,0.04,0.1,0.22,0.39,0.94,Tagln2
1418525_at,0.71,0.93,0.93,0.9,0.67,0.04,Pcm1
1418823_at,0.31,0.58,0.12,0.83,0.09,0.93,Arf6
1415691_at,0.02,0.1,0.56,0.63,0.46,0.3,Dlgh1
1449713_at,0.85,0.86,0.48,0.98,0.25,0.64,D15Ertd417e
1460214_at,0.22,0.3,0.01,0.22,8.61E-004,0.55,Pcp4
1448661_at,0.3,0.66,0.68,0.01,0.82,0.75,Plcb3
1423790_at,0.51,0.21,0.42,0.98,0.79,0.03,MGC6998
1425505_at,0,0.03,0.22,0.2,0.78,0.73,Mylk
1448229_s_at,0.02,0.01,0.1,0.28,0.12,0.23,Ccnd2
1452298_a_at,0.58,0.04,0.88,0.02,0.14,0.01,Myo5b
1418271_at,0.23,0.11,0.24,0.19,8.80E-005,0.53,Bhlhb5
1417230_at,0.89,0.36,0.86,0.17,0.26,0.02,4921528G01Rik
1426243_at,0,0.05,0.17,0.58,0.41,0.84,Cth
1451191_at,0.05,0.07,0.16,0.03,0.02,0.01,Crabp2
1415938_at,2.01E-004,0.89,0.38,0.48,0.94,0.28,Spink3
1416325_at,0.73,0.37,0.88,0.79,0.27,0.61,Aeg1
1460173_at,0.01,0.09,0.5,0.32,0.6,0.35,Lasp1
1455956_x_at,0.32,0.05,0.1,0.79,0.09,0.08,Ccnd2
1418346_at,0.11,0.23,5.19E-005,0,0.48,0.76,Insl6
1435113_x_at,0,0.19,0.11,0.21,0.07,0.06,Stmn3
1451716_at,0.05,0.84,0.01,0.27,0.19,0.1,Mafb
1437062_s_at,0.46,0.55,0.42,0.78,0.04,0.04,4921522K17Rik
1437853_x_at,0,0.07,0.49,0.36,0.21,0.84,Ndn
1416053_at,0.04,0.73,0,0.01,0.49,0.52,Lrrn1
1433471_at,0,0.42,0.86,0.71,0.93,0.85,Tcf7
1421882_a_at,0,0.17,0.37,0.35,0.93,0.49,Elavl2
1449109_at,0,0.5,0.32,0.4,0.51,0.09,Socs2
1416740_at,0.09,0.63,0.22,0.01,0.2,0.01,Col5a1
1448928_at,0,0.05,0.57,0.92,0.24,0.47,Hdac6
1423260_at,0.1,0.01,0.18,0.59,0.05,0.33,Idb4
1435420_at,1.80E-004,0.45,0.38,0.42,0.88,0.31,C330016K18Rik
1455098_a_at,0.89,0.12,0.04,0.82,0.27,0.34,Vtn
1417524_at,0.16,0.34,0.07,0.33,0.95,0,Cnil
1435551_at,0.15,0.25,0.11,0.04,0.11,0.01,NA
1426215_at,0.29,0.49,0.08,0.01,0.66,0.78,Ddc
1460370_at,0.25,0.27,0.21,0.01,0.75,0.02,2900052H09Rik
1416424_at,0,0.14,0.65,0.21,0.36,0.14,1300012C15Rik
1418157_at,0.03,0.07,0.09,0.01,0.53,0.04,Nr2f1
1422232_at,0.05,0.21,0.01,0.04,4.79E-004,0.31,Phox2b
1434500_at,0.74,0.23,0.02,0.17,0.04,0.76,1110001A03Rik
1422068_at,6.59E-005,0.21,0.63,0.75,0.35,0.18,Pou3f1
1423526_at,0.74,0.09,0.21,0,0.02,0.08,Dri2
1429110_a_at,0.86,0.66,0.36,0.06,0.28,0.49,2810405F18Rik
1426571_at,8.18E-006,0.72,0.03,0.45,0.67,0.28,AU040576
1417862_at,5.33E-004,0.55,0.39,0.54,0.42,0.14,A830059I20Rik
1460187_at,0.04,0.77,0.55,0.66,0.08,5.14E-004,Sfrp1
1448147_at,0,8.65E-004,0.65,0.34,0.1,0.22,Tnfrsf19
1427105_at,0.63,0.02,0.85,0.79,0.08,0.81,2610510J17Rik
1423424_at,0.52,0.62,0.01,0.01,0.15,0.07,Zic3
1449314_at,0.75,0.51,0.71,0.97,0.1,0.79,Zfpm2
1460302_at,0.04,0.12,0.02,0.01,0.37,0.01,Thbs1
1416688_at,0.07,0.73,0.41,0.59,0.69,0.36,Snap91
1425483_at,0.1,0.82,0.3,0.01,0.07,0.01,Tox
1421369_a_at,0.01,0.43,0.46,0.41,0.34,0.18,Mab21l1
1433845_x_at,0.02,0.22,0.2,0.74,0.14,0.79,Dusp9
1460038_at,2.32E-005,0.32,0.69,0.34,0.1,0.26,NA
1423340_at,2.11E-004,0.48,0.58,0.11,0.31,0.13,Tcfap2b
1419573_a_at,0,0.32,0.52,0.29,0.37,0.11,Lgals1
1427682_a_at,0.16,0.15,0.17,0.35,0.07,7.98E-005,Egr2
1451047_at,8.45E-005,0.34,0.98,0.44,0.27,0.02,Itm2a
1450857_a_at,0.04,0.5,0.91,0.09,0.03,0,Col1a2
1417355_at,0.04,0.12,0.06,0.14,0.23,0.13,Peg3
1449053_s_at,0.43,0.35,0.29,0.04,0.31,0.24,Cog1
1416148_at,0.01,0.35,0.92,0.91,0.36,0.79,Laptm4b
1452718_at,0.58,0.74,0.1,0.02,0.23,0.38,4432411E13Rik
1418237_s_at,0.59,0.27,0.48,0.25,0.58,0.02,Col18a1
1450990_at,0.03,0.85,0.06,0,0.46,0.87,Gpc3
1449947_s_at,0,0.33,0.27,0.16,0.45,0.84,A230102L03Rik
1427981_a_at,0.63,0.26,0.16,0.34,0.37,0.52,Csad
1426258_at,0.73,0.52,0.17,0.83,0.01,0.67,Sorl1
1417680_at,1.75E-005,0.78,0.28,0.35,0.27,0.64,Kcna5
1460309_at,0,0.74,0.79,0.35,0.96,0.93,Tal2
1427633_a_at,0.19,0.82,0.37,0.41,0.97,0.05,Pappa
1433639_at,0.05,0.05,0.06,0.01,0.4,0.01,5730593F17Rik
1416617_at,0.28,0.3,0.05,0.03,0.95,0.31,Acas2l
1454708_at,6.95E-004,0.07,0.11,0.2,0.09,0.4,4833406P10Rik
1437052_s_at,0.55,0.1,0.01,0.01,0.91,0.76,Slc2a3
1417526_at,0,0.03,0.52,0.48,0.79,0.26,Pcbp3
1448383_at,0.03,0.34,0.11,0.24,0.7,0.05,Mmp14
1452421_at,0.34,0.55,0.35,0.41,0,5.73E-005,5730446D14Rik
1434479_at,0.06,0.81,0.86,0.26,0.1,0,Col5a1
1460256_at,0,0.87,0.28,0.58,0.88,0.93,Car3
1449530_at,0,0.02,0.18,0.8,0.27,0.93,Trps1
1448601_s_at,0.03,0.06,0.09,9.61E-004,0.31,0.07,Msx1
1425212_a_at,0.01,0.14,0.45,0.27,0.22,0.21,Tnfrsf19
1426980_s_at,9.51E-005,0,0.11,0.73,0.88,0.32,E130012A19Rik
1455350_at,0.81,0.57,0.52,0.88,0.04,0.08,B830009D23Rik
1423677_at,0.42,0.35,0.09,0.02,0.66,0.02,Fkbp9
1455792_x_at,0,0.06,0.39,0.24,0.52,0.72,Ndn
1416778_at,0.23,0.4,0.68,0.81,0.24,0.04,Sdpr
1419281_a_at,0.76,0.37,0.64,0.36,0.37,0.04,Zfp259
1419217_at,0.83,0.02,0.61,0.58,0.55,0.76,Gnefr-pending
1449319_at,0.33,0.13,0,0.23,0.75,0.13,R-spondin
1418451_at,0.81,0.04,0.17,0.04,0.18,0.02,Gng2
1419602_at,0.05,0.04,0.12,1.84E-004,0.03,0,Hoxa2
1449137_at,2.07E-004,0.97,0.21,0.84,0.44,0.45,Pdha1
1421425_a_at,0.37,0.37,0.41,0.44,0.67,2.06E-004,Dscr1l1
1425213_at,0.05,0.08,0.04,0.11,0.5,0.16,6430514L14Rik
1427100_at,0.02,0,0.13,0.64,0.17,0.22,1810034B16Rik
1422444_at,6.39E-004,0.14,0.06,0.34,0.29,0.19,Itga6
1420518_a_at,0,0.05,0.66,0.8,0.42,0.96,Igsf9
1439380_x_at,0.56,0.2,0.04,0.08,0.02,0.74,NA
1416612_at,0.12,0.93,0.12,0.04,4.51E-004,0.29,Cyp1b1
1423824_at,0,0.8,0.23,0.46,0.12,0.1,5031439A09Rik
1437195_x_at,0.74,0.01,0.05,0.4,0.54,0.26,Mapk10
1420427_a_at,0.01,0.49,0.69,0.73,0.28,0.75,AA408140
1449434_at,0,0.03,0.2,0.44,0.58,0.35,Car3
1426864_a_at,0.43,0.47,0.01,0.06,0.03,0.21,Ncam1
1424852_at,0.16,0.16,0.28,0.02,0.01,6.29E-004,5430401D19Rik
1431962_a_at,0.9,0.74,0.94,0.17,0.04,0.23,Stambp
1418599_at,0.26,0.8,0.11,0.13,0.4,0,Col11a1
1448321_at,0.06,0.05,0.02,0.03,0.34,0.22,Smoc1
1421929_at,0.04,0.05,0.03,6.70E-005,0.95,2.00E-004,Epha4
1427883_a_at,0.22,0.01,0.26,0.83,0.21,0.38,Col3a1
1418195_at,4.20E-004,0.76,0.28,0.88,0.09,0.7,Galnt9
1420484_a_at,0.08,0.09,0.01,0.37,0.03,0.55,Vtn
1418881_at,0,0.63,0.75,0.1,0.78,0.59,Necab2-pending
1433509_s_at,0.32,0.3,0.98,0.61,0.03,0.48,D6Ertd253e
1422164_at,0,0.04,0.27,0.93,0.56,0.26,Pou3f4
1421597_a_at,0.04,0.01,0.44,0.03,0.48,0.65,Msx3
1452670_at,0.24,0.85,0.99,0.01,0.9,0.11,Myl9
1418714_at,0.11,0.5,0.24,0.95,0.06,0.41,Dusp8
1418601_at,0.61,0.65,0.67,0.71,0.02,0,Aldh1a7
1438620_x_at,0.11,0.39,0.12,0.32,0.04,0.02,Sfrp1
1428853_at,0.26,0.08,0.13,0.29,0.08,0.03,A230106A15Rik
1417932_at,0.01,0.07,0.22,0.41,0.21,0.11,Il18
1435383_x_at,0,0.16,0.18,0.82,0.33,0.72,Ndn
1429360_at,0,0.08,0.99,0.56,0.79,0.45,Klf3
1449483_at,0.55,0.98,0.27,0.04,0.07,0.88,Polk
1416592_at,0,0.13,0.75,0.07,0.3,0.8,Glrx1
1460411_s_at,0.04,0.7,0.14,0.23,0.11,0.03,AI115348
1427640_a_at,0,0.41,0.52,0.18,0.78,0.48,Cbfa2t1h
1434403_at,0,0.03,0.24,0.25,0.3,0.55,Spred2
1451991_at,0.04,0.03,0.12,0.09,0.39,0.01,Epha7
1416594_at,0.03,0.79,0.71,0.3,0.07,0.01,Sfrp1
1426528_at,0.99,0,0.01,0.3,0.63,0.11,Nrp2
1449106_at,0.09,0.86,0.54,0.33,0,0.01,Gpx3
1425158_at,0.3,0.35,0.42,0.65,0.03,0.55,Tbx20
1454613_at,0,0.01,0.58,0.62,0.36,0.06,Ly6a
1448201_at,0.03,0.11,0.34,0.73,0.16,0.16,Sfrp2
1426929_at,0.02,0.3,0.5,0.82,0.37,0.6,Brunol4
1449559_at,0.04,0.06,0.1,0.43,0.1,0.27,Msx2
1452215_at,0.02,0.65,0.41,0.96,0.48,0.82,9130401M01Rik
1454822_x_at,0,0.82,0.1,0.03,0.35,0.25,EIG180
1436030_at,0,0.17,0.88,0.68,0.74,0.3,NA
1455493_at,0.83,0.88,0.88,0.61,0.09,0.47,NA
1415964_at,0.01,0.04,0.24,0.23,0.14,0.08,Scd1
1418666_at,0.04,0.01,0,0.07,0.41,0.05,Ptx3
1421841_at,0.03,0.03,0.03,0,0.01,0.03,Fgfr3
1419186_a_at,0.03,0.02,0.23,1.21E-004,0.03,9.62E-004,Siat8d; PST; PST-1; ST8SiaIV
1426298_at,0.25,0,0.08,0.01,0.24,0.33,Irx2
1448818_at,9.83E-005,2.59E-004,0.66,0.62,0.28,0.64,Wnt5a
1422824_s_at,0.84,0.78,0.21,0.32,0.81,0.51,Eps8
1418094_s_at,0.01,0.09,0.09,0.03,0.12,0.7,Car4
1427433_s_at,0.32,0.29,0.24,0.22,0.04,1.15E-007,5730446D14Rik
1422079_at,0.91,0,0.58,0.24,0.46,0.77,Prkch
1426766_at,0.17,0.12,0.44,0.01,0.11,5.44E-004,6330403K07Rik
1427256_at,0.62,0.09,0.16,0.41,0.9,0.01,Cspg2
1420928_at,0,0.01,0.87,0.47,0.25,0.48,Siat1
1417311_at,0,0.53,1,0.39,0.85,0.93,Crip2
1448785_at,0,0.97,0.19,0.42,0.66,0.94,Cbfa2t1h
1456741_s_at,0.01,0,0.06,0.38,0.18,0.11,App
1419248_at,0.01,0.08,0.93,0.27,0.14,0.44,Rgs2
1421365_at,0.03,0.34,0.06,0.76,0.01,0.47,Fst
1450044_at,0.03,0.97,0.06,0.35,0.84,0.11,Fzd7
1450927_at,0.85,0.01,0.64,0.91,0.12,0.45,Lztr1
1449351_s_at,0.01,0.74,0.2,0.48,0.61,0.17,Pdgfc
1434499_a_at,0,3.21E-004,0.55,0.85,0.88,0.36,Ldh2
1421341_at,0.03,0.77,0.92,0.64,0.51,0.46,Axin2
1415885_at,0.02,0.1,0.12,0.75,0.02,0.16,Chgb
1417928_at,3.26E-004,0,0.09,0.4,0.29,0.41,Ril-pending
1418208_at,2.36E-004,0.01,0.26,0.18,0.74,0.3,Pax8
1418620_at,0.01,0.79,0.69,0.91,0,0.31,Phox2a
1420719_at,0,0.88,1,0.63,0.83,0.48,Tex15
1419088_at,0.27,0.3,0.37,0.56,0.02,0.05,Timp3
1417893_at,0.12,0.98,0.63,0.91,0.98,0.36,Sfxn3
1448562_at,0.05,0.05,0.29,0.01,0.02,0.3,Upp
1417129_a_at,0.24,0.02,0.09,0,0.2,0.04,Mrg1
1448991_a_at,0,0.59,0.23,0.42,0.07,0.06,MGC25352
1427605_at,0.3,0.41,0.26,0.09,6.63E-005,0,Hoxb3
1421028_a_at,0.18,0.89,0.53,0.09,0.01,0.04,Mef2c
1427257_at,0.79,0.8,0.43,0.25,0.58,0,Cspg2
1437722_x_at,0.03,0.05,0.54,0.71,0.26,0.54,Pcbp3
1421523_at,7.14E-006,0.01,0.39,0.7,0.99,0.75,Fgf17
1424351_at,2.20E-005,0,0.55,0.45,0.66,0.14,1600023A02Rik
1436026_at,0.03,0.04,0.05,0.04,0.25,0.33,1110032O19Rik
1428097_at,0,0.01,0.8,0.95,0.34,0.08,2510009E07Rik
1415877_at,2.47E-004,0,0.38,0.7,0.32,0.08,Dpysl3
1422445_at,0.01,0.44,0.13,0.32,0.15,0.82,Itga6
1455089_at,0.07,0.17,0.6,0.68,0.96,0,2010305F15Rik
1418618_at,0,9.80E-006,0.87,0.36,0.85,0.43,En1
1429761_at,0.31,0.58,0.21,0.05,0.02,0.57,Rtn1
1449439_at,0,0.3,0.86,0.61,0.1,0.2,Klf7
1418835_at,0.01,0.86,0.01,0.96,0.34,0.13,Phlda1
1449465_at,0.19,0.4,0.02,0.33,0.06,0.17,Reln
1427101_at,0.03,0,0.48,0.71,0.15,0.33,1810034B16Rik
1450725_s_at,0,0.01,0.29,0.94,0.83,0.24,Car14
1427302_at,2.50E-005,0.9,0.22,0.84,0.54,0.2,Enpp3
1428146_s_at,0.84,0.08,0.17,0.11,0.43,0.02,Acaa2
1448194_a_at,0.03,0.05,0.93,0.08,0.68,0.69,H19
1449545_at,0,8.46E-004,0.94,0.84,0.32,0.23,Fgf18
1423972_at,0.01,0.12,0.08,0.07,0.32,0.2,Etfa
1416159_at,0.04,0.38,0.09,0.04,0.16,0.03,Nr2f2
1420649_at,6.59E-004,0.1,0.96,0.27,0.2,0.76,Atbf1
1451461_a_at,0.24,0.46,0.43,0.04,5.75E-006,0.39,Aldo3
1417521_at,9.81E-004,0.01,0.69,0.33,0.57,0.61,Efna2
1423259_at,0.07,5.57E-005,0.07,0.96,0.9,0.4,Idb4
1423608_at,0,0.53,0.16,0.37,0.22,0.02,Itm2a
1422837_at,0.38,0.87,0.19,0.26,0.71,0.87,Scel
1423938_at,0.23,0.95,0.19,0.67,0.13,0.94,LOC217325
1416503_at,0.96,0.05,0.76,0.03,0.78,3.48E-004,Lxn
1422914_at,2.82E-008,0.28,0.64,0.19,0.21,0.22,Sp5
1416158_at,0.04,0.08,0.03,0.08,0.09,0.01,Nr2f2
1426522_at,0.01,0.01,0.99,0.14,0.85,0.14,4930479F15Rik
1416840_at,0.12,0.53,0.42,0.85,0.46,0.03,3110038L01Rik
1450982_at,0.43,0.27,0.4,0.65,0.2,0.05,Slc9a3r1
1425536_at,0,0.42,0.36,0.48,0.91,0.7,Stx3
1426255_at,0.67,0.14,0.01,0.53,0.01,0.04,Nefl
1452913_at,1.43E-004,0,0.93,0.68,0.72,0.25,1500036F01Rik
1456239_at,8.48E-004,0,0.31,0.52,0.27,0.26,Fgf17
1423110_at,0.08,0.57,0.74,0.92,0.26,0.01,Col1a2
1416160_at,0.04,0.05,0.03,0.01,0.7,0.02,9430015G03Rik
1421728_at,0.04,0.97,0.25,0.01,0.65,0.05,Olig3
1422520_at,0.67,0.34,0.01,0.98,0.04,0.05,Nef3
1451857_a_at,2.68E-004,0.03,0.68,0.21,0.25,0.26,5730593N15Rik
1455158_at,0.69,0.02,0.41,0.33,0.44,0.27,Itga3
1431335_a_at,8.01E-005,0.54,0.87,0.65,0.82,0.68,Wfdc1; ps20; 2310058A03Rik
1448134_at,0.24,0.2,0.8,0.02,0.02,5.62E-006,Pald
1451983_at,0.01,1.14E-004,0.18,0.12,0.15,0.32,Irx1
1448992_at,0,0.3,0.05,0.81,0.01,0.1,MGC25352
1436791_at,6.50E-005,1.37E-005,0.54,0.31,0.38,0.52,Wnt5a
1423281_at,5.37E-004,0.39,0.04,0.99,0.08,0.06,Stmn2
1423753_at,0.41,2.65E-005,0.05,0.12,0.25,0.03,Bambi
1424059_at,0.19,0.01,0.49,0.34,0.75,0.72,MGC36471
1436584_at,0,4.03E-005,0.42,0.08,0.73,0.67,Spry2
1422758_at,4.18E-004,0,0.26,0.28,0.58,0.63,Chst2
1427528_a_at,0.06,0.06,0.28,0,0.26,0.02,Epha7
1453486_a_at,0.04,0.03,0.06,1.34E-004,0.96,0.12,Cegf1
1418934_at,3.61E-004,0.19,0.2,0.21,0.86,0.13,Mab21l2
1416178_a_at,0.61,0.88,0.66,0.31,0.41,0.01,Plekhb1
1448326_a_at,0.07,0.02,0.67,0.04,0.01,3.94E-004,Crabp1
1416710_at,0.11,0.1,0.94,0,0.03,3.44E-004,9030603L14Rik
1415834_at,9.51E-004,0.01,0.18,0.06,0.35,0.41,Dusp6
1459916_at,7.25E-004,4.14E-004,0.54,0.33,0.49,0.24,NA
1423280_at,2.36E-004,0.5,0.02,0.9,0.01,0.07,Stmn2
1422643_at,0.05,0.04,9.91E-004,9.94E-004,3.76E-004,0.1,3230402N08Rik
1438789_s_at,5.28E-004,0.01,0.74,0.29,0.03,0.39,Dpysl3
1417416_at,0,0.27,0.33,0.2,0.98,1.32E-004,Kcna1
1418868_at,0,6.26E-004,0.34,0.23,0.7,0.26,En2
1448816_at,0.01,0.02,0.16,0.75,0.27,0.09,Ptgis
1415874_at,1.27E-004,0,0.95,0.24,0.15,0.26,Spry1
1423836_at,0.82,0.03,0.27,0.01,0.37,0.02,B830002A16Rik
1451414_at,0.25,0.39,0.39,0.63,0.22,0.9,D13Wsu177e
1417568_at,0.23,0.4,0.05,0.02,0.05,0.22,D030020D09Rik
1450333_a_at,0.2,0.54,0.52,0.14,5.25E-005,0.66,Gata2
1421836_at,0.78,0.07,0.13,0.01,0.57,5.32E-004,Mtap7
1448237_x_at,6.02E-004,5.67E-004,0.75,0.23,0.62,0.52,Ldh2
1419271_at,0.04,0.02,0.05,0,0.08,0.01,Pax6
1417624_at,0.11,0.08,0.2,0,0.01,5.66E-004,Nab1
1421537_at,0.72,0.78,0.7,0.82,0.42,6.61E-005,Hoxd3
1423739_x_at,0.73,0.36,0.78,0.92,0.59,0,Aplp2
1427683_at,0.21,0.17,0.36,0.07,0.05,7.88E-004,Egr2
1416526_a_at,0.03,0.06,0.1,0.1,0.35,0.05,Park7
1460444_at,0.08,0.89,0.04,0.03,0.15,0.16,1200006I17Rik
1418382_at,0,0.72,0.26,0.19,0.35,0.39,EIG180
1448260_at,5.18E-004,0.25,0.18,0.89,0.32,0.16,Uchl1
1417818_at,0.11,0.92,0.13,0.01,0.6,0,NA
1449420_at,0.01,0.01,0.4,0.45,0.83,0.09,Pde1b
1420746_at,0.6,0.99,0.44,0.83,0.23,0.82,1600016E11Rik
1417817_a_at,0.13,0.8,0.2,0.05,0.45,0,2310058J06Rik
1449110_at,0.01,0.3,0.94,0.3,0.26,0.85,Arhb
1450517_at,7.73E-008,0.17,0.28,0.22,0.18,0.24,Tal2
1449397_at,0.05,0.04,0.03,4.23E-004,9.50E-005,3.32E-005,AI894218
1425506_at,2.00E-005,0,0.82,0.33,0.69,0.77,9530072E15Rik
1454159_a_at,1.32E-005,0.12,0.29,0.33,0.12,0.23,Igfbp2
1425926_a_at,5.00E-004,0.24,0.05,0.3,0.27,0.1,Otx2
1416107_at,0.89,0.02,0.25,0.3,0.64,1.15E-004,Nsg2
1421180_at,4.29E-004,0.01,0.09,0.11,0.06,0.08,Lix1
1416536_at,2.84E-004,0.9,0.71,0.84,0.15,0.68,9430059D04Rik
1418383_at,1.21E-005,0.62,0.9,0.44,0.34,0.4,EIG180
1417954_at,0,1.79E-004,0.19,0.62,0.31,0.07,Sst
1453004_at,0.23,0.01,0.95,0.72,0.33,0.14,3110004L20Rik
1452526_a_at,0.06,0.06,0.06,0,0.19,6.05E-004,Pax6
1448395_at,0.03,0.28,0.87,0.27,0,0,Sfrp1
1418376_at,2.14E-008,3.49E-005,0.64,0.84,0.3,0.54,Fgf15
1424586_at,1.39E-006,0.81,0.4,0.76,0.62,0.72,LOC216565
1453501_at,0.36,0.34,0.99,0,7.45E-004,0.01,Hoxb1
1422798_at,8.41E-005,0.13,0.08,0.48,0.13,0.07,Cntnap2
1418895_at,0.07,0.75,0.22,0.11,0.1,0.01,Scap2
1420619_a_at,6.62E-008,0,0.04,0.89,0.21,0.24,Aes
1421928_at,0.03,0.03,0.15,2.18E-004,0.29,9.92E-005,Epha4
1450992_a_at,0.03,0.04,0.02,0,0.09,0.02,NA
1451882_a_at,1.18E-006,0,0.16,0.13,0.22,0.16,Fgf8
1418756_at,1.73E-005,0.24,0.33,0.26,0.33,0.19,Trh
1449070_x_at,9.90E-005,0.14,0.1,0.02,0.21,0.4,EIG180
